﻿UTENTE;TIPO UTENTE;NOME ;COGNOME;INDIRIZZO;CONTATTO;EMAIL;
00000001;A;Pippo;PIPPI;Via …;333 1234567;Pippo@gmail.com;
00000002;A;Pluto ;PLUTI;Corso…;334 1234567;Pluto@gmail.com;
00000003;A;Paperino;PAPERINI;Piazza…;335 1234567;Paperino@gmail.com;
00000004;A;Topolino;TOPOLINI;Via...;336 1234567;Topolino@gmail.com;
00000005;A;Minny;MINNY;Vicolo…;337 1234567;Minny@gmail.com;
00000006;B;Clienti 1;ROSSI;Via …;338 1234567;Clienti1@gmail.com;
00000007;B;Cliente 2;VERDI;Corso…;339 1234567;Clienti2@gmail.com;
00000008;B;Cliente 3;BIANCHI;Piazza…;340 1234567;Clienti3@gmail.com;
00000009;B;Cliente 4;ZANIN;Via...;341 1234567;Clienti4@gmail.com;
00000010;B;Cliente 5;FURLAN;Vicolo…;342 1234567;Clienti5@gmail.com;
00000011;AA;Direttore;CAPO;Piazza…;343 1234567;Capo@gmail.com;
;;;;;;;
;;;;;;;
;;;;;;;
;;;;;;;
;;;;;;;
;;;;;;;
