Nome e Cognome;Dove abiti?;Sei mai stato contagiato?;Quante volte?;Sei mai stato ricoverato?;Quanti giorni sei stato positivo?
Alessandro Bergnach;Sacile;No;0;No;0
Andrea Bussetto;Mazz�;No;0;No;0
Campana Fabiola;Trieste;Si;2;No;37
Claudio Gugliotta;Modica;Si;2;No;20
Daniele Manes;Carugate;Si;1;No;7
Fulvio Carraro;Roma;Si;2;No;28
Giovanni Mocci;Bagheria;Si;3;No;21
Laura Scocco;Venezia;Si;1;No;5
Maddalena Maggiore;Venezia;Si;1;No;10
Marco Di Giacomo;Atri;No;0;No;0
Matteo Forti;Montappone;Si;1;No;6
Melissa Nora;Roma;Si;1;No;3
Nicola Tortul;Medea;Si;1;No;10
Noemi Trentinella;Roma;Si;1;No;4
Noemi von Mallasz;Gaggio Montano;Si;1;No;7
Raffaele Nappi;Somma Vesuviana;No;0;No;0
Roberta de Angelis;Milano;Si;2;No;18
Sara Amiri;Sicilia;No;0;No;0
Sara Amiri;Sicilia;No;0;No;0
Sara Moret;Pordenone;Si;1;No;14
Serena Delugas;Roma;No;0;No;0
Serena Pavani;Roma;No;0;No;0
Simone Petrini;Roma;Si;1;No;15
Virginia Cogoli Salducco;Estero;Si;1;No;6
Vitalii Bota;Varese;Si;1;No;20
Vito Longo;Bari;Si;1;No;7
Marco Franzese;Campania;Si;1;No;14
Luana Privitera;Torino;Si;2;No;20
Michael Naponiello;Campania;No;0;No;0
Alessandro Alvisi;Bologna;Si;1;No;10
Elsa Palermo;Milano;Si;2;No;7
Samuel David Magnin;Monza;Si;2;No;5
Moreno D'Urso;Roma;Si;1;No;10
Giovanni ripa;Torino;No;0;No;0
Giuseppe De Lorenzo;Saragozza;Si;1;No;7
Davide Zatterin;Foligno;Si;1;No;5
Rocco Cifone;Palagiano;Si;1;No;21
